,long,lat,order,hole,piece,group,id
1,520004.4875,4521929,1,FALSE,1,10S.1,10S
2,520002.2423,4521907.911,2,FALSE,1,10S.1,10S
3,520022.4551,4521908.007,3,FALSE,1,10S.1,10S
4,520778.6227,4521193.849,4,FALSE,1,10S.1,10S
5,520802.9093,4521193.841,5,FALSE,1,10S.1,10S
6,520803.5469,4521169,6,FALSE,1,10S.1,10S
7,519971.7501,4521157.25,7,FALSE,1,10S.1,10S
8,519952.7855,4521154.348,8,FALSE,1,10S.1,10S
9,519933.4127,4521136.786,9,FALSE,1,10S.1,10S
10,519173.2269,4520423.28,10,FALSE,1,10S.1,10S
11,519166.2189,4521155,11,FALSE,1,10S.1,10S
12,519193.5781,4521921.5,12,FALSE,1,10S.1,10S
13,519237.6875,4521922,13,FALSE,1,10S.1,10S
14,520004.4875,4521929,14,FALSE,1,10S.1,10S
15,520800.1048,4521735.563,15,FALSE,1,10SNE.1,10SNE
16,520800.0729,4521713.5,16,FALSE,1,10SNE.1,10SNE
17,520802.9092,4521193.841,17,FALSE,1,10SNE.1,10SNE
18,520778.6226,4521193.849,18,FALSE,1,10SNE.1,10SNE
19,520022.455,4521908.007,19,FALSE,1,10SNE.1,10SNE
20,520002.2422,4521907.911,20,FALSE,1,10SNE.1,10SNE
21,520004.4875,4521929,21,FALSE,1,10SNE.1,10SNE
22,520802.5749,4521939.885,22,FALSE,1,10SNE.1,10SNE
23,520800.343,4521781.063,23,FALSE,1,10SNE.1,10SNE
24,520800.1048,4521735.563,24,FALSE,1,10SNE.1,10SNE
25,522416.1747,4521317.987,25,FALSE,1,11NS.1,11NS
26,522417.5313,4521165,26,FALSE,1,11NS.1,11NS
27,520813.4688,4521169.5,27,FALSE,1,11NS.1,11NS
28,520803.5469,4521169,28,FALSE,1,11NS.1,11NS
29,520802.9092,4521193.841,29,FALSE,1,11NS.1,11NS
30,520800.0729,4521713.5,30,FALSE,1,11NS.1,11NS
31,520800.1048,4521735.563,31,FALSE,1,11NS.1,11NS
32,520800.343,4521781.063,32,FALSE,1,11NS.1,11NS
33,520802.5749,4521939.885,33,FALSE,1,11NS.1,11NS
34,521373.1099,4521946.5,34,FALSE,1,11NS.1,11NS
35,521363.0534,4522380.02,35,FALSE,1,11NS.1,11NS
36,521866.7959,4521949.811,36,FALSE,1,11NS.1,11NS
37,522011.9545,4521775.508,37,FALSE,1,11NS.1,11NS
38,522416.2337,4521527.759,38,FALSE,1,11NS.1,11NS
39,522417.2422,4521453.77,39,FALSE,1,11NS.1,11NS
40,522416.9339,4521365.007,40,FALSE,1,11NS.1,11NS
41,522416.1747,4521317.987,41,FALSE,1,11NS.1,11NS
42,521373.1099,4521946.5,42,FALSE,1,11NW.1,11NW
43,520802.5749,4521939.885,43,FALSE,1,11NW.1,11NW
44,520796.3084,4522802.404,44,FALSE,1,11NW.1,11NW
45,521196.3444,4522806.554,45,FALSE,1,11NW.1,11NW
46,521353.5938,4522806,46,FALSE,1,11NW.1,11NW
47,521363.0534,4522380.02,47,FALSE,1,11NW.1,11NW
48,521373.1099,4521946.5,48,FALSE,1,11NW.1,11NW
49,523774.8281,4521278.5,49,FALSE,1,12C.1,12C
50,523772.9688,4521175,50,FALSE,1,12C.1,12C
51,523205.8527,4521175.75,51,FALSE,1,12C.1,12C
52,523214.6094,4521762,52,FALSE,1,12C.1,12C
53,523217.7188,4521987,53,FALSE,1,12C.1,12C
54,523779.9375,4521969,54,FALSE,1,12C.1,12C
55,524013.0312,4521966.5,55,FALSE,1,12C.1,12C
56,524010.9375,4521583.5,56,FALSE,1,12C.1,12C
57,523780.2813,4521581.5,57,FALSE,1,12C.1,12C
58,523774.8281,4521278.5,58,FALSE,1,12C.1,12C
59,523135.3757,4522778.101,59,FALSE,1,12NW.1,12NW
60,523217.7813,4522737.5,60,FALSE,1,12NW.1,12NW
61,523217.7188,4521987,61,FALSE,1,12NW.1,12NW
62,523214.6094,4521762,62,FALSE,1,12NW.1,12NW
63,523205.8527,4521175.75,63,FALSE,1,12NW.1,12NW
64,522808.9688,4522004.5,64,FALSE,1,12NW.1,12NW
65,522802.0625,4522019,65,FALSE,1,12NW.1,12NW
66,522424.375,4522806.375,66,FALSE,1,12NW.1,12NW
67,523135.3757,4522778.101,67,FALSE,1,12NW.1,12NW
68,523217.7813,4522737.5,68,FALSE,1,12NWcorner.1,12NWcorner
69,523135.3757,4522778.101,69,FALSE,1,12NWcorner.1,12NWcorner
70,523176.9688,4522784.5,70,FALSE,1,12NWcorner.1,12NWcorner
71,523198.3594,4522784.75,71,FALSE,1,12NWcorner.1,12NWcorner
72,523205.0625,4522768.5,72,FALSE,1,12NWcorner.1,12NWcorner
73,523217.7813,4522737.5,73,FALSE,1,12NWcorner.1,12NWcorner
74,524015.6562,4519596,74,FALSE,1,13E.1,13E
75,524015.6938,4519558.9,75,FALSE,1,13E.1,13E
76,523661.4375,4519564.5,76,FALSE,1,13E.1,13E
77,523647.2187,4519565,77,FALSE,1,13E.1,13E
78,523566.9063,4519566,78,FALSE,1,13E.1,13E
79,523287.4687,4519553.5,79,FALSE,1,13E.1,13E
80,523292.9271,4519566.083,80,FALSE,1,13E.1,13E
81,523282.2188,4519655.5,81,FALSE,1,13E.1,13E
82,523376.625,4519707,82,FALSE,1,13E.1,13E
83,523379.9375,4519794,83,FALSE,1,13E.1,13E
84,523280.4063,4519875,84,FALSE,1,13E.1,13E
85,523281.3938,4519968,85,FALSE,1,13E.1,13E
86,523276.6641,4520350,86,FALSE,1,13E.1,13E
87,523280.1945,4520378.747,87,FALSE,1,13E.1,13E
88,523274.1875,4520770.5,88,FALSE,1,13E.1,13E
89,523204.1875,4521163.5,89,FALSE,1,13E.1,13E
90,523230.2813,4521163.5,90,FALSE,1,13E.1,13E
91,523653.0937,4521163.5,91,FALSE,1,13E.1,13E
92,523864.1563,4521163.5,92,FALSE,1,13E.1,13E
93,523876.9063,4521163.5,93,FALSE,1,13E.1,13E
94,524010.2917,4521163.833,94,FALSE,1,13E.1,13E
95,524015.3125,4520406.071,95,FALSE,1,13E.1,13E
96,524015.6562,4519610.5,96,FALSE,1,13E.1,13E
97,524015.6562,4519596,97,FALSE,1,13E.1,13E
98,523287.4687,4519553.5,98,FALSE,1,13W.1,13W
99,523095.4531,4519546.25,99,FALSE,1,13W.1,13W
100,523076.125,4519549,100,FALSE,1,13W.1,13W
101,522453.875,4519547,101,FALSE,1,13W.1,13W
102,522438.4375,4519547,102,FALSE,1,13W.1,13W
103,522419.4746,4519543.402,103,FALSE,1,13W.1,13W
104,522422.1094,4520352.5,104,FALSE,1,13W.1,13W
105,522417.5313,4521165,105,FALSE,1,13W.1,13W
106,523205.8527,4521175.75,106,FALSE,1,13W.1,13W
107,523204.1875,4521163.5,107,FALSE,1,13W.1,13W
108,523274.1875,4520770.5,108,FALSE,1,13W.1,13W
109,523280.1945,4520378.747,109,FALSE,1,13W.1,13W
110,523276.6641,4520350,110,FALSE,1,13W.1,13W
111,523281.3938,4519968,111,FALSE,1,13W.1,13W
112,523280.4063,4519875,112,FALSE,1,13W.1,13W
113,523379.9375,4519794,113,FALSE,1,13W.1,13W
114,523376.625,4519707,114,FALSE,1,13W.1,13W
115,523282.2188,4519655.5,115,FALSE,1,13W.1,13W
116,523292.9271,4519566.083,116,FALSE,1,13W.1,13W
117,523287.4687,4519553.5,117,FALSE,1,13W.1,13W
118,520814.5469,4519548.5,118,FALSE,1,15E.1,15E
119,520586.625,4519548.5,119,FALSE,1,15E.1,15E
120,520180.5313,4519548.5,120,FALSE,1,15E.1,15E
121,520027.2188,4519549.5,121,FALSE,1,15E.1,15E
122,520008.5125,4519549,122,FALSE,1,15E.1,15E
123,520009.25,4519563,123,FALSE,1,15E.1,15E
124,520007.0938,4519648,124,FALSE,1,15E.1,15E
125,520006.7188,4519663,125,FALSE,1,15E.1,15E
126,519992.375,4520230,126,FALSE,1,15E.1,15E
127,519952.7854,4521154.348,127,FALSE,1,15E.1,15E
128,519971.75,4521157.25,128,FALSE,1,15E.1,15E
129,520803.5469,4521169,129,FALSE,1,15E.1,15E
130,520802.9063,4521159,130,FALSE,1,15E.1,15E
131,520814.3333,4519579.5,131,FALSE,1,15E.1,15E
132,520814.5469,4519548.5,132,FALSE,1,15E.1,15E
133,519992.375,4520230,133,FALSE,1,15NWS.1,15NWS
134,519207.8594,4520413,134,FALSE,1,15NWS.1,15NWS
135,519194.0625,4520416,135,FALSE,1,15NWS.1,15NWS
136,519173.2268,4520423.279,136,FALSE,1,15NWS.1,15NWS
137,519933.4126,4521136.786,137,FALSE,1,15NWS.1,15NWS
138,519952.7854,4521154.348,138,FALSE,1,15NWS.1,15NWS
139,519992.375,4520230,139,FALSE,1,15NWS.1,15NWS
140,519992.375,4520230,140,FALSE,1,15SW.1,15SW
141,520006.7188,4519663,141,FALSE,1,15SW.1,15SW
142,520007.0938,4519648,142,FALSE,1,15SW.1,15SW
143,520009.25,4519563,143,FALSE,1,15SW.1,15SW
144,520008.5125,4519549,144,FALSE,1,15SW.1,15SW
145,519957.6875,4519548.5,145,FALSE,1,15SW.1,15SW
146,519181.5938,4519544.5,146,FALSE,1,15SW.1,15SW
147,519173.2268,4520423.279,147,FALSE,1,15SW.1,15SW
148,519194.0625,4520416,148,FALSE,1,15SW.1,15SW
149,519207.8594,4520413,149,FALSE,1,15SW.1,15SW
150,519992.375,4520230,150,FALSE,1,15SW.1,15SW
151,527214.1188,4521157.512,151,FALSE,1,17N.1,17N
152,527222.4375,4520292.1,152,FALSE,1,17N.1,17N
153,525888.5,4520394,153,FALSE,1,17N.1,17N
154,525655.0156,4520390,154,FALSE,1,17N.1,17N
155,525626.0179,4520389.857,155,FALSE,1,17N.1,17N
156,525624.25,4520754,156,FALSE,1,17N.1,17N
157,525618.6875,4521078.5,157,FALSE,1,17N.1,17N
158,525618.3125,4521136.917,158,FALSE,1,17N.1,17N
159,525619.4183,4521157.808,159,FALSE,1,17N.1,17N
160,526038.3375,4521156.9,160,FALSE,1,17N.1,17N
161,526461.2661,4521157.804,161,FALSE,1,17N.1,17N
162,526988.1875,4521158,162,FALSE,1,17N.1,17N
163,527214.1188,4521157.512,163,FALSE,1,17N.1,17N
164,527222.5625,4519537,164,FALSE,1,17S.1,17S
165,527208.5,4519537,165,FALSE,1,17S.1,17S
166,526424.75,4519542.5,166,FALSE,1,17S.1,17S
167,525636.5455,4519546.409,167,FALSE,1,17S.1,17S
168,525626.0179,4520389.857,168,FALSE,1,17S.1,17S
169,525655.0156,4520390,169,FALSE,1,17S.1,17S
170,525888.5,4520394,170,FALSE,1,17S.1,17S
171,527222.4375,4520292.1,171,FALSE,1,17S.1,17S
172,527222.5625,4519537,172,FALSE,1,17S.1,17S
173,524793.2884,4521148.55,173,FALSE,1,18N.1,18N
174,524802.4375,4521147,174,FALSE,1,18N.1,18N
175,525226.3125,4521147,175,FALSE,1,18N.1,18N
176,525600.0625,4521146,176,FALSE,1,18N.1,18N
177,525618.3125,4521136.917,177,FALSE,1,18N.1,18N
178,525618.6875,4521078.5,178,FALSE,1,18N.1,18N
179,525624.25,4520754,179,FALSE,1,18N.1,18N
180,525626.0179,4520389.857,180,FALSE,1,18N.1,18N
181,525220.5,4520383,181,FALSE,1,18N.1,18N
182,524833.375,4520379,182,FALSE,1,18N.1,18N
183,524544.5625,4520377,183,FALSE,1,18N.1,18N
184,524371.25,4520371.5,184,FALSE,1,18N.1,18N
185,524033.5625,4520371.5,185,FALSE,1,18N.1,18N
186,524032.6875,4520911,186,FALSE,1,18N.1,18N
187,524031.6719,4521147.25,187,FALSE,1,18N.1,18N
188,524313.725,4521150,188,FALSE,1,18N.1,18N
189,524793.2884,4521148.55,189,FALSE,1,18N.1,18N
190,525626.0179,4520389.857,190,FALSE,1,18S.1,18S
191,525636.5455,4519546.409,191,FALSE,1,18S.1,18S
192,524845.6625,4519546.567,192,FALSE,1,18S.1,18S
193,524833.8661,4519535.429,193,FALSE,1,18S.1,18S
194,524821.4063,4519553.5,194,FALSE,1,18S.1,18S
195,524038.9063,4519561.5,195,FALSE,1,18S.1,18S
196,524033.5625,4520371.5,196,FALSE,1,18S.1,18S
197,524371.25,4520371.5,197,FALSE,1,18S.1,18S
198,524544.5625,4520377,198,FALSE,1,18S.1,18S
199,524833.375,4520379,199,FALSE,1,18S.1,18S
200,525220.5,4520383,200,FALSE,1,18S.1,18S
201,525626.0179,4520389.857,201,FALSE,1,18S.1,18S
202,524821.4063,4519553.5,202,FALSE,1,19N.1,19N
203,524833.8661,4519535.429,203,FALSE,1,19N.1,19N
204,524845.6625,4519546.567,204,FALSE,1,19N.1,19N
205,525636.5455,4519546.409,205,FALSE,1,19N.1,19N
206,525642.3751,4519005,206,FALSE,1,19N.1,19N
207,525640.7189,4518737,207,FALSE,1,19N.1,19N
208,525641.1309,4518724.526,208,FALSE,1,19N.1,19N
209,524823.2813,4518739.57,209,FALSE,1,19N.1,19N
210,524820.2501,4518506.5,210,FALSE,1,19N.1,19N
211,524038.8063,4519011.8,211,FALSE,1,19N.1,19N
212,524038.7969,4519535.5,212,FALSE,1,19N.1,19N
213,524038.9063,4519561.5,213,FALSE,1,19N.1,19N
214,524821.4063,4519553.5,214,FALSE,1,19N.1,19N
215,524038.8062,4519011.8,215,FALSE,1,19S.1,19S
216,524820.25,4518506.5,216,FALSE,1,19S.1,19S
217,524823.2813,4518739.57,217,FALSE,1,19S.1,19S
218,525641.1308,4518724.525,218,FALSE,1,19S.1,19S
219,525644.375,4517944,219,FALSE,1,19S.1,19S
220,525492.625,4517945.5,220,FALSE,1,19S.1,19S
221,524982.6875,4517947,221,FALSE,1,19S.1,19S
222,524820.5,4517945.5,222,FALSE,1,19S.1,19S
223,524042.0938,4517956.25,223,FALSE,1,19S.1,19S
224,524038.8062,4519011.8,224,FALSE,1,19S.1,19S
225,523209.4917,4522788.341,225,FALSE,1,1E.1,1E
226,523203.8089,4522901.998,226,FALSE,1,1E.1,1E
227,523206.1066,4523014.583,227,FALSE,1,1E.1,1E
228,523210.7019,4523205.288,228,FALSE,1,1E.1,1E
229,523215.2972,4523363.825,229,FALSE,1,1E.1,1E
230,523219.8925,4523494.791,230,FALSE,1,1E.1,1E
231,523229.0831,4523857.82,231,FALSE,1,1E.1,1E
232,523240.9252,4524369.007,232,FALSE,1,1E.1,1E
233,523246.5313,4524369,233,FALSE,1,1E.1,1E
234,523999.3437,4524366,234,FALSE,1,1E.1,1E
235,524005.6094,4524196.25,235,FALSE,1,1E.1,1E
236,524003.8253,4524175.074,236,FALSE,1,1E.1,1E
237,524010.8542,4522767.5,237,FALSE,1,1E.1,1E
238,524011,4522751,238,FALSE,1,1E.1,1E
239,523266.8203,4522792.375,239,FALSE,1,1E.1,1E
240,523210.5,4522788.667,240,FALSE,1,1E.1,1E
241,523209.4917,4522788.341,241,FALSE,1,1E.1,1E
242,523240.9252,4524369.007,242,FALSE,1,1W.1,1W
243,523229.0831,4523857.82,243,FALSE,1,1W.1,1W
244,523219.8925,4523494.791,244,FALSE,1,1W.1,1W
245,523215.2972,4523363.825,245,FALSE,1,1W.1,1W
246,523210.7019,4523205.288,246,FALSE,1,1W.1,1W
247,523206.1066,4523014.583,247,FALSE,1,1W.1,1W
248,523203.8089,4522901.998,248,FALSE,1,1W.1,1W
249,523209.4917,4522788.341,249,FALSE,1,1W.1,1W
250,523198.3594,4522784.75,250,FALSE,1,1W.1,1W
251,523176.9688,4522784.5,251,FALSE,1,1W.1,1W
252,523135.3757,4522778.101,252,FALSE,1,1W.1,1W
253,522424.375,4522806.375,253,FALSE,1,1W.1,1W
254,522424.25,4522818.5,254,FALSE,1,1W.1,1W
255,522419.0313,4523332.5,255,FALSE,1,1W.1,1W
256,522410.1563,4524370,256,FALSE,1,1W.1,1W
257,523240.9252,4524369.007,257,FALSE,1,1W.1,1W
258,527243.5595,4519536.809,258,FALSE,1,20NW.1,20NW
259,525644.497,4517942.809,259,FALSE,1,20NW.1,20NW
260,525641.0748,4518719.331,260,FALSE,1,20NW.1,20NW
261,525641.0182,4518719.385,261,FALSE,1,20NW.1,20NW
262,525641.0182,4518730.437,262,FALSE,1,20NW.1,20NW
263,525640.8408,4518735.809,263,FALSE,1,20NW.1,20NW
264,525642.497,4519003.809,264,FALSE,1,20NW.1,20NW
265,525636.6675,4519545.219,265,FALSE,1,20NW.1,20NW
266,526424.872,4519541.309,266,FALSE,1,20NW.1,20NW
267,527208.622,4519535.809,267,FALSE,1,20NW.1,20NW
268,527222.6845,4519535.809,268,FALSE,1,20NW.1,20NW
269,527243.5595,4519536.809,269,FALSE,1,20NW.1,20NW
270,525644.497,4517944,270,FALSE,1,20SE.1,20SE
271,527243.5595,4519538,271,FALSE,1,20SE.1,20SE
272,527243.747,4519514.5,272,FALSE,1,20SE.1,20SE
273,527249.3638,4518729.5,273,FALSE,1,20SE.1,20SE
274,527249.372,4518729.5,274,FALSE,1,20SE.1,20SE
275,527249.372,4518728.357,275,FALSE,1,20SE.1,20SE
276,527249.372,4518724.5,276,FALSE,1,20SE.1,20SE
277,527252.5595,4517931.5,277,FALSE,1,20SE.1,20SE
278,526866.872,4517932,278,FALSE,1,20SE.1,20SE
279,525653.5595,4517944,279,FALSE,1,20SE.1,20SE
280,525644.497,4517944,280,FALSE,1,20SE.1,20SE
281,519167.8594,4519542.25,281,FALSE,1,21N.1,21N
282,519181.5057,4518736.455,282,FALSE,1,21N.1,21N
283,518555.1875,4518734,283,FALSE,1,21N.1,21N
284,518350.875,4518723.5,284,FALSE,1,21N.1,21N
285,518300.625,4518775.5,285,FALSE,1,21N.1,21N
286,518274.6875,4518752.5,286,FALSE,1,21N.1,21N
287,517938.9063,4518731.5,287,FALSE,1,21N.1,21N
288,517626.1187,4518736.9,288,FALSE,1,21N.1,21N
289,517617.2187,4519550,289,FALSE,1,21N.1,21N
290,519167.8594,4519542.25,290,FALSE,1,21N.1,21N
291,519107.5937,4517940,291,FALSE,1,21SE.1,21SE
292,518960.673,4517941.614,292,FALSE,1,21SE.1,21SE
293,518818.5313,4518072.5,293,FALSE,1,21SE.1,21SE
294,518920.5,4518135.5,294,FALSE,1,21SE.1,21SE
295,519061.8438,4518007.5,295,FALSE,1,21SE.1,21SE
296,519068.25,4517976,296,FALSE,1,21SE.1,21SE
297,519094.75,4517965.5,297,FALSE,1,21SE.1,21SE
298,519107.5937,4517940,298,FALSE,1,21SE.1,21SE
299,518350.875,4518723.5,299,FALSE,1,21SEcorral.1,21SEcorral
300,518555.1875,4518734,300,FALSE,1,21SEcorral.1,21SEcorral
301,518568.5938,4518680.5,301,FALSE,1,21SEcorral.1,21SEcorral
302,518576.3047,4518649.5,302,FALSE,1,21SEcorral.1,21SEcorral
303,518290.4687,4518596.5,303,FALSE,1,21SEcorral.1,21SEcorral
304,518233.9375,4518617,304,FALSE,1,21SEcorral.1,21SEcorral
305,517938.9063,4518731.5,305,FALSE,1,21SEcorral.1,21SEcorral
306,518274.6875,4518752.5,306,FALSE,1,21SEcorral.1,21SEcorral
307,518382.3125,4518639,307,FALSE,1,21SEcorral.1,21SEcorral
308,518408.4375,4518663.5,308,FALSE,1,21SEcorral.1,21SEcorral
309,518350.875,4518723.5,309,FALSE,1,21SEcorral.1,21SEcorral
310,519198.5627,4517939.793,310,FALSE,1,21SW.1,21SW
311,519183.9531,4517940,311,FALSE,1,21SW.1,21SW
312,519166.2813,4517940,312,FALSE,1,21SW.1,21SW
313,519119.4063,4517940,313,FALSE,1,21SW.1,21SW
314,519107.5937,4517940,314,FALSE,1,21SW.1,21SW
315,519094.75,4517965.5,315,FALSE,1,21SW.1,21SW
316,519068.25,4517976,316,FALSE,1,21SW.1,21SW
317,519061.8438,4518007.5,317,FALSE,1,21SW.1,21SW
318,518920.5,4518135.5,318,FALSE,1,21SW.1,21SW
319,518818.5313,4518072.5,319,FALSE,1,21SW.1,21SW
320,518960.673,4517941.614,320,FALSE,1,21SW.1,21SW
321,518703,4517941,321,FALSE,1,21SW.1,21SW
322,518402.3438,4517939.5,322,FALSE,1,21SW.1,21SW
323,518372.9062,4518178.5,323,FALSE,1,21SW.1,21SW
324,518352.625,4518339.5,324,FALSE,1,21SW.1,21SW
325,518374.5625,4518335.5,325,FALSE,1,21SW.1,21SW
326,518371.9375,4518378,326,FALSE,1,21SW.1,21SW
327,518641.3438,4518402,327,FALSE,1,21SW.1,21SW
328,518576.3047,4518649.5,328,FALSE,1,21SW.1,21SW
329,518568.5938,4518680.5,329,FALSE,1,21SW.1,21SW
330,518555.1875,4518734,330,FALSE,1,21SW.1,21SW
331,519181.5057,4518736.455,331,FALSE,1,21SW.1,21SW
332,519198.5627,4517939.793,332,FALSE,1,21SW.1,21SW
333,520814.5469,4519548.5,333,FALSE,1,22E.1,22E
334,520817.5313,4519201,334,FALSE,1,22E.1,22E
335,520823.5156,4518295.5,335,FALSE,1,22E.1,22E
336,520824.5688,4517967,336,FALSE,1,22E.1,22E
337,520646,4517968,337,FALSE,1,22E.1,22E
338,520479.9137,4517962.958,338,FALSE,1,22E.1,22E
339,520000.3125,4517948,339,FALSE,1,22E.1,22E
340,520001.9375,4517961.062,340,FALSE,1,22E.1,22E
341,520000.5179,4518738.929,341,FALSE,1,22E.1,22E
342,520008.9531,4519481.25,342,FALSE,1,22E.1,22E
343,520009.1563,4519502.5,343,FALSE,1,22E.1,22E
344,520008.5125,4519549,344,FALSE,1,22E.1,22E
345,520027.2188,4519549.5,345,FALSE,1,22E.1,22E
346,520180.5313,4519548.5,346,FALSE,1,22E.1,22E
347,520586.625,4519548.5,347,FALSE,1,22E.1,22E
348,520814.5469,4519548.5,348,FALSE,1,22E.1,22E
349,520000.3125,4517948,349,FALSE,1,22W.1,22W
350,519209.6563,4517940,350,FALSE,1,22W.1,22W
351,519198.5627,4517939.793,351,FALSE,1,22W.1,22W
352,519181.5057,4518736.455,352,FALSE,1,22W.1,22W
353,519167.8595,4519542.25,353,FALSE,1,22W.1,22W
354,519181.5939,4519544.5,354,FALSE,1,22W.1,22W
355,519957.6875,4519548.5,355,FALSE,1,22W.1,22W
356,520008.5125,4519549,356,FALSE,1,22W.1,22W
357,520009.1563,4519502.5,357,FALSE,1,22W.1,22W
358,520008.9531,4519481.25,358,FALSE,1,22W.1,22W
359,520000.5179,4518738.929,359,FALSE,1,22W.1,22W
360,520001.9375,4517961.062,360,FALSE,1,22W.1,22W
361,520000.3125,4517948,361,FALSE,1,22W.1,22W
362,522415.6563,4519546,362,FALSE,1,23E.1,23E
363,522415.8438,4519537.5,363,FALSE,1,23E.1,23E
364,522416.5625,4519030,364,FALSE,1,23E.1,23E
365,522416.5938,4519023,365,FALSE,1,23E.1,23E
366,522418.0625,4517976,366,FALSE,1,23E.1,23E
367,521583.5313,4517972.5,367,FALSE,1,23E.1,23E
368,521669.6875,4519520,368,FALSE,1,23E.1,23E
369,521670.5313,4519535,369,FALSE,1,23E.1,23E
370,521671.125,4519545.5,370,FALSE,1,23E.1,23E
371,522415.6563,4519546,371,FALSE,1,23E.1,23E
372,521671.125,4519545.5,372,FALSE,1,23W.1,23W
373,521670.5313,4519535,373,FALSE,1,23W.1,23W
374,521669.6875,4519520,374,FALSE,1,23W.1,23W
375,521583.5313,4517972.5,375,FALSE,1,23W.1,23W
376,520824.5688,4517967,376,FALSE,1,23W.1,23W
377,520823.5156,4518295.5,377,FALSE,1,23W.1,23W
378,520817.5313,4519201,378,FALSE,1,23W.1,23W
379,520814.5469,4519548.5,379,FALSE,1,23W.1,23W
380,521671.125,4519545.5,380,FALSE,1,23W.1,23W
381,524015.6938,4519558.9,381,FALSE,1,24E.1,24E
382,524018.8438,4518750.5,382,FALSE,1,24E.1,24E
383,524017.8086,4518742.313,383,FALSE,1,24E.1,24E
384,524019.5469,4517952.5,384,FALSE,1,24E.1,24E
385,523221.5312,4517965.5,385,FALSE,1,24E.1,24E
386,523221.5859,4518752,386,FALSE,1,24E.1,24E
387,523343.8563,4518751.3,387,FALSE,1,24E.1,24E
388,523095.4531,4519546.25,388,FALSE,1,24E.1,24E
389,523287.4687,4519553.5,389,FALSE,1,24E.1,24E
390,523566.9063,4519566,390,FALSE,1,24E.1,24E
391,523647.2187,4519565,391,FALSE,1,24E.1,24E
392,523661.4375,4519564.5,392,FALSE,1,24E.1,24E
393,524015.6938,4519558.9,393,FALSE,1,24E.1,24E
394,522422.7813,4519547,394,FALSE,1,24 Grazing.1,24 Grazing
395,522422.8125,4519539,395,FALSE,1,24 Grazing.1,24 Grazing
396,522424.0313,4519028,396,FALSE,1,24 Grazing.1,24 Grazing
397,522424.0313,4519019.5,397,FALSE,1,24 Grazing.1,24 Grazing
398,522424.6875,4518750.5,398,FALSE,1,24 Grazing.1,24 Grazing
399,522426.5313,4517976,399,FALSE,1,24 Grazing.1,24 Grazing
400,522418.0625,4517976,400,FALSE,1,24 Grazing.1,24 Grazing
401,522416.5938,4519023,401,FALSE,1,24 Grazing.1,24 Grazing
402,522416.5625,4519030,402,FALSE,1,24 Grazing.1,24 Grazing
403,522415.8438,4519537.5,403,FALSE,1,24 Grazing.1,24 Grazing
404,522415.6563,4519546,404,FALSE,1,24 Grazing.1,24 Grazing
405,522422.7813,4519547,405,FALSE,1,24 Grazing.1,24 Grazing
406,523343.0313,4518754,406,FALSE,1,24W.1,24W
407,523344.4063,4518749.5,407,FALSE,1,24W.1,24W
408,523228.5,4518752,408,FALSE,1,24W.1,24W
409,523219.2813,4518752,409,FALSE,1,24W.1,24W
410,523221.5313,4517965.5,410,FALSE,1,24W.1,24W
411,522450.5,4517975.5,411,FALSE,1,24W.1,24W
412,522442.4688,4517976,412,FALSE,1,24W.1,24W
413,522426.5313,4517976,413,FALSE,1,24W.1,24W
414,522424.6875,4518750.5,414,FALSE,1,24W.1,24W
415,522424.0313,4519019.5,415,FALSE,1,24W.1,24W
416,522424.0313,4519028,416,FALSE,1,24W.1,24W
417,522422.8125,4519539,417,FALSE,1,24W.1,24W
418,522422.7813,4519547,418,FALSE,1,24W.1,24W
419,522438.4375,4519547,419,FALSE,1,24W.1,24W
420,522453.875,4519547,420,FALSE,1,24W.1,24W
421,523076.125,4519549,421,FALSE,1,24W.1,24W
422,523096.3125,4519550,422,FALSE,1,24W.1,24W
423,523094.6563,4519543.5,423,FALSE,1,24W.1,24W
424,523094.4375,4519542.5,424,FALSE,1,24W.1,24W
425,523094.6875,4519541.5,425,FALSE,1,24W.1,24W
426,523343.0313,4518754,426,FALSE,1,24W.1,24W
427,522426.0125,4516343.094,427,FALSE,1,25NW.1,25NW
428,522408.3125,4516343,428,FALSE,1,25NW.1,25NW
429,522414.5751,4517143.7,429,FALSE,1,25NW.1,25NW
430,522414.6563,4517161,430,FALSE,1,25NW.1,25NW
431,522419.2099,4517951.786,431,FALSE,1,25NW.1,25NW
432,522436.0001,4517953,432,FALSE,1,25NW.1,25NW
433,523203.5001,4517941.5,433,FALSE,1,25NW.1,25NW
434,523999.6249,4517928.852,434,FALSE,1,25NW.1,25NW
435,523997.1149,4517905.031,435,FALSE,1,25NW.1,25NW
436,523252.6487,4517153.096,436,FALSE,1,25NW.1,25NW
437,523216.9815,4517123.248,437,FALSE,1,25NW.1,25NW
438,522426.0173,4516361.322,438,FALSE,1,25NW.1,25NW
439,522426.0125,4516343.094,439,FALSE,1,25NW.1,25NW
440,524024.5781,4517137.5,440,FALSE,1,25SE.1,25SE
441,524028.6563,4516336,441,FALSE,1,25SE.1,25SE
442,523233.1251,4516338,442,FALSE,1,25SE.1,25SE
443,522426.0125,4516343.094,443,FALSE,1,25SE.1,25SE
444,522426.0173,4516361.322,444,FALSE,1,25SE.1,25SE
445,523216.9815,4517123.248,445,FALSE,1,25SE.1,25SE
446,523252.6487,4517153.096,446,FALSE,1,25SE.1,25SE
447,523997.1149,4517905.031,447,FALSE,1,25SE.1,25SE
448,523999.6249,4517928.852,448,FALSE,1,25SE.1,25SE
449,524017.6251,4517930,449,FALSE,1,25SE.1,25SE
450,524024.5781,4517137.5,450,FALSE,1,25SE.1,25SE
451,521600.0625,4517952,451,FALSE,1,26E.1,26E
452,521608.0625,4517952,452,FALSE,1,26E.1,26E
453,521617.25,4517952,453,FALSE,1,26E.1,26E
454,522418.0937,4517953.5,454,FALSE,1,26E.1,26E
455,522418.0625,4517947.5,455,FALSE,1,26E.1,26E
456,522414.6563,4517161,456,FALSE,1,26E.1,26E
457,522414.5938,4517150,457,FALSE,1,26E.1,26E
458,522414.5625,4517139.5,458,FALSE,1,26E.1,26E
459,522055.8438,4517153,459,FALSE,1,26E.1,26E
460,521634.2188,4517167.5,460,FALSE,1,26E.1,26E
461,521623.5,4517414,461,FALSE,1,26E.1,26E
462,521622.9062,4517427.5,462,FALSE,1,26E.1,26E
463,521600.0625,4517952,463,FALSE,1,26E.1,26E
464,520825.7813,4517951.5,464,FALSE,1,26W.1,26W
465,520840.9063,4517951.5,465,FALSE,1,26W.1,26W
466,520849.1875,4517951.5,466,FALSE,1,26W.1,26W
467,521600.0625,4517952,467,FALSE,1,26W.1,26W
468,521622.9062,4517427.5,468,FALSE,1,26W.1,26W
469,521623.5,4517414,469,FALSE,1,26W.1,26W
470,521634.2188,4517167.5,470,FALSE,1,26W.1,26W
471,520832.125,4517147.5,471,FALSE,1,26W.1,26W
472,520825.8438,4517944.5,472,FALSE,1,26W.1,26W
473,520825.7813,4517951.5,473,FALSE,1,26W.1,26W
474,522055.8438,4517153,474,FALSE,1,26E.1,26E
475,522414.5625,4517139.5,475,FALSE,1,26E.1,26E
476,522408.3125,4516343,476,FALSE,1,26E.1,26E
477,521672.75,4516322,477,FALSE,1,26E.1,26E
478,521652.625,4516763.5,478,FALSE,1,26E.1,26E
479,522055.8438,4516763.5,479,FALSE,1,26E.1,26E
480,522055.8438,4517153,480,FALSE,1,26E.1,26E
481,521634.2188,4517167.5,481,FALSE,1,26E.1,26E
482,522055.8438,4517153,482,FALSE,1,26E.1,26E
483,522055.8438,4516763.5,483,FALSE,1,26E.1,26E
484,521652.625,4516763.5,484,FALSE,1,26E.1,26E
485,521634.2188,4517167.5,485,FALSE,1,26E.1,26E
486,520817.8125,4516763.5,486,FALSE,1,26W.1,26W
487,521652.625,4516763.5,487,FALSE,1,26W.1,26W
488,521672.75,4516322,488,FALSE,1,26W.1,26W
489,520843.3438,4516292,489,FALSE,1,26W.1,26W
490,520836.8125,4516292,490,FALSE,1,26W.1,26W
491,520812.5313,4516530,491,FALSE,1,26W.1,26W
492,520810.9375,4516579,492,FALSE,1,26W.1,26W
493,520817.8125,4516763.5,493,FALSE,1,26W.1,26W
494,520832.125,4517147.5,494,FALSE,1,26W.1,26W
495,521634.2188,4517167.5,495,FALSE,1,26W.1,26W
496,521652.625,4516763.5,496,FALSE,1,26W.1,26W
497,520817.8125,4516763.5,497,FALSE,1,26W.1,26W
498,520832.125,4517147.5,498,FALSE,1,26W.1,26W
499,519197.018,4517913.436,499,FALSE,1,28N.1,28N
500,519204.2281,4517160.943,500,FALSE,1,28N.1,28N
501,519204.2969,4517136.75,501,FALSE,1,28N.1,28N
502,517637.4688,4517134.5,502,FALSE,1,28N.1,28N
503,517629.1875,4517896.5,503,FALSE,1,28N.1,28N
504,517659.8125,4517924.5,504,FALSE,1,28N.1,28N
505,519185.875,4517913,505,FALSE,1,28N.1,28N
506,519197.018,4517913.436,506,FALSE,1,28N.1,28N
507,525658.0795,4517915.926,507,FALSE,1,29-30.1,29-30
508,525659.3384,4517915.919,508,FALSE,1,29-30.1,29-30
509,525659.3943,4517919.02,509,FALSE,1,29-30.1,29-30
510,526447.5476,4517913.454,510,FALSE,1,29-30.1,29-30
511,526447.9326,4517911.407,511,FALSE,1,29-30.1,29-30
512,527252.3467,4517903.923,512,FALSE,1,29-30.1,29-30
513,527253.4091,4516303.923,513,FALSE,1,29-30.1,29-30
514,526837.3467,4516304.423,514,FALSE,1,29-30.1,29-30
515,526819.3467,4516304.423,515,FALSE,1,29-30.1,29-30
516,525911.9091,4516314.923,516,FALSE,1,29-30.1,29-30
517,525901.7217,4516314.923,517,FALSE,1,29-30.1,29-30
518,525763.4717,4516315.923,518,FALSE,1,29-30.1,29-30
519,525744.0341,4516316.423,519,FALSE,1,29-30.1,29-30
520,524991.2217,4516322.923,520,FALSE,1,29-30.1,29-30
521,524981.4091,4516321.673,521,FALSE,1,29-30.1,29-30
522,524899.7841,4516326.423,522,FALSE,1,29-30.1,29-30
523,524899.1591,4516336.923,523,FALSE,1,29-30.1,29-30
524,524855.0341,4517118.923,524,FALSE,1,29-30.1,29-30
525,524836.7841,4517119.423,525,FALSE,1,29-30.1,29-30
526,524836.7841,4517130.923,526,FALSE,1,29-30.1,29-30
527,524842.5717,4517931.423,527,FALSE,1,29-30.1,29-30
528,525474.9717,4517924.423,528,FALSE,1,29-30.1,29-30
529,525640.1841,4517919.358,529,FALSE,1,29-30.1,29-30
530,525658.0795,4517915.926,530,FALSE,1,29-30.1,29-30
531,524836.8125,4517120,531,FALSE,1,30NW.1,30NW
532,524045.1187,4517137.7,532,FALSE,1,30NW.1,30NW
533,524045.9219,4517928.5,533,FALSE,1,30NW.1,30NW
534,524842.6,4517932,534,FALSE,1,30NW.1,30NW
535,524836.8125,4517131.5,535,FALSE,1,30NW.1,30NW
536,524836.8125,4517120,536,FALSE,1,30NW.1,30NW
537,525901.75,4516315.5,537,FALSE,1,31E.1,31E
538,525900.9375,4515499.5,538,FALSE,1,31E.1,31E
539,525900.75,4515358,539,FALSE,1,31E.1,31E
540,525900.7014,4514736.056,540,FALSE,1,31E.1,31E
541,524984.525,4514730.5,541,FALSE,1,31E.1,31E
542,524982.125,4515607,542,FALSE,1,31E.1,31E
543,524981.4375,4516305,543,FALSE,1,31E.1,31E
544,524981.4375,4516322.25,544,FALSE,1,31E.1,31E
545,524991.25,4516323.5,545,FALSE,1,31E.1,31E
546,525744.0625,4516317,546,FALSE,1,31E.1,31E
547,525763.5,4516316.5,547,FALSE,1,31E.1,31E
548,525901.75,4516315.5,548,FALSE,1,31E.1,31E
549,524899.8125,4516327,549,FALSE,1,31W.1,31W
550,524981.4375,4516322.25,550,FALSE,1,31W.1,31W
551,524981.4375,4516305,551,FALSE,1,31W.1,31W
552,524982.125,4515607,552,FALSE,1,31W.1,31W
553,524984.525,4514730.5,553,FALSE,1,31W.1,31W
554,524055.4219,4514733,554,FALSE,1,31W.1,31W
555,524054.9375,4514879.75,555,FALSE,1,31W.1,31W
556,524050.0313,4516340,556,FALSE,1,31W.1,31W
557,524899.8125,4516327,557,FALSE,1,31W.1,31W
558,526837.375,4516305,558,FALSE,1,32W.1,32W
559,526829.8125,4514729.5,559,FALSE,1,32W.1,32W
560,525900.7014,4514736.056,560,FALSE,1,32W.1,32W
561,525900.75,4515358,561,FALSE,1,32W.1,32W
562,525900.9375,4515499.5,562,FALSE,1,32W.1,32W
563,525901.75,4516315.5,563,FALSE,1,32W.1,32W
564,525911.9375,4516315.5,564,FALSE,1,32W.1,32W
565,526819.375,4516305,565,FALSE,1,32W.1,32W
566,526837.375,4516305,566,FALSE,1,32W.1,32W
567,527226.4375,4522771.5,567,FALSE,1,5E.1,5E
568,526467.0625,4522764,568,FALSE,1,5E.1,5E
569,526423.3078,4522750.7,569,FALSE,1,5E.1,5E
570,526404.375,4524349,570,FALSE,1,5E.1,5E
571,526404.2708,4524359.167,571,FALSE,1,5E.1,5E
572,527186.125,4524360.25,572,FALSE,1,5E.1,5E
573,527226.4375,4522771.5,573,FALSE,1,5E.1,5E
574,526404.2708,4524359.167,574,FALSE,1,5W.1,5W
575,526404.375,4524349,575,FALSE,1,5W.1,5W
576,526423.3078,4522750.7,576,FALSE,1,5W.1,5W
577,526392.5,4522766,577,FALSE,1,5W.1,5W
578,526375.0625,4522766.5,578,FALSE,1,5W.1,5W
579,525617.3491,4522758.537,579,FALSE,1,5W.1,5W
580,525601.5125,4522756.8,580,FALSE,1,5W.1,5W
581,525574.4302,4524364.651,581,FALSE,1,5W.1,5W
582,525590.875,4524360.5,582,FALSE,1,5W.1,5W
583,526404.2708,4524359.167,583,FALSE,1,5W.1,5W
584,524030.875,4524372.5,584,FALSE,1,6EW.1,6EW
585,524809.0833,4524363.667,585,FALSE,1,6EW.1,6EW
586,525179.25,4524368,586,FALSE,1,6EW.1,6EW
587,525216.1875,4522756,587,FALSE,1,6EW.1,6EW
588,524853.3125,4522755,588,FALSE,1,6EW.1,6EW
589,524824.1363,4522738.605,589,FALSE,1,6EW.1,6EW
590,524824.0625,4522756.25,590,FALSE,1,6EW.1,6EW
591,524798.0625,4522756,591,FALSE,1,6EW.1,6EW
592,524030.3438,4522750,592,FALSE,1,6EW.1,6EW
593,524030.0625,4522772,593,FALSE,1,6EW.1,6EW
594,524003.8253,4524175.074,594,FALSE,1,6EW.1,6EW
595,524005.6094,4524196.25,595,FALSE,1,6EW.1,6EW
596,524013.6875,4524366,596,FALSE,1,6EW.1,6EW
597,524030.875,4524372.5,597,FALSE,1,6EW.1,6EW
598,525576.6807,4522759.304,598,FALSE,1,7NW.1,7NW
599,525575.5414,4522732.118,599,FALSE,1,7NW.1,7NW
600,524837.9913,4521935.236,600,FALSE,1,7NW.1,7NW
601,524838.4454,4521921.396,601,FALSE,1,7NW.1,7NW
602,524033.9453,4521166,602,FALSE,1,7NW.1,7NW
603,524031.5938,4521402.5,603,FALSE,1,7NW.1,7NW
604,524031.135,4521414.773,604,FALSE,1,7NW.1,7NW
605,524033.9896,4522011.5,605,FALSE,1,7NW.1,7NW
606,524030.3438,4522750,606,FALSE,1,7NW.1,7NW
607,524798.0625,4522756,607,FALSE,1,7NW.1,7NW
608,524824.0625,4522756.25,608,FALSE,1,7NW.1,7NW
609,524824.1363,4522738.605,609,FALSE,1,7NW.1,7NW
610,524853.3125,4522755,610,FALSE,1,7NW.1,7NW
611,525216.1875,4522756,611,FALSE,1,7NW.1,7NW
612,525576.6807,4522759.304,612,FALSE,1,7NW.1,7NW
613,525614.2946,4521784.5,613,FALSE,1,7SE.1,7SE
614,525619.4183,4521157.808,614,FALSE,1,7SE.1,7SE
615,525111,4521164,615,FALSE,1,7SE.1,7SE
616,524853.375,4521163.083,616,FALSE,1,7SE.1,7SE
617,524325.4375,4521161.5,617,FALSE,1,7SE.1,7SE
618,524248.7371,4521161.809,618,FALSE,1,7SE.1,7SE
619,524033.9453,4521166,619,FALSE,1,7SE.1,7SE
620,524838.4454,4521921.396,620,FALSE,1,7SE.1,7SE
621,524837.9913,4521935.236,621,FALSE,1,7SE.1,7SE
622,525575.5414,4522732.118,622,FALSE,1,7SE.1,7SE
623,525576.6807,4522759.304,623,FALSE,1,7SE.1,7SE
624,525601.5125,4522756.8,624,FALSE,1,7SE.1,7SE
625,525610.8125,4522041,625,FALSE,1,7SE.1,7SE
626,525611.5982,4521980.571,626,FALSE,1,7SE.1,7SE
627,525614.2946,4521784.5,627,FALSE,1,7SE.1,7SE
628,527222.9375,4521386.5,628,FALSE,1,8E.1,8E
629,527214.1188,4521157.512,629,FALSE,1,8E.1,8E
630,526988.1875,4521158,630,FALSE,1,8E.1,8E
631,526461.2661,4521157.804,631,FALSE,1,8E.1,8E
632,526455.9023,4521553.625,632,FALSE,1,8E.1,8E
633,526415.4375,4522004.5,633,FALSE,1,8E.1,8E
634,526423.3078,4522750.7,634,FALSE,1,8E.1,8E
635,526467.0625,4522764,635,FALSE,1,8E.1,8E
636,527226.4375,4522771.5,636,FALSE,1,8E.1,8E
637,527226.125,4522206.5,637,FALSE,1,8E.1,8E
638,527223.7292,4522031.5,638,FALSE,1,8E.1,8E
639,527222.9375,4521386.5,639,FALSE,1,8E.1,8E
640,526423.3078,4522750.7,640,FALSE,1,8NW.1,8NW
641,526415.4375,4522004.5,641,FALSE,1,8NW.1,8NW
642,525611.5982,4521980.571,642,FALSE,1,8NW.1,8NW
643,525610.8125,4522041,643,FALSE,1,8NW.1,8NW
644,525601.5125,4522756.8,644,FALSE,1,8NW.1,8NW
645,525617.3491,4522758.537,645,FALSE,1,8NW.1,8NW
646,526375.0625,4522766.5,646,FALSE,1,8NW.1,8NW
647,526392.5,4522766,647,FALSE,1,8NW.1,8NW
648,526423.3078,4522750.7,648,FALSE,1,8NW.1,8NW
649,526461.2661,4521157.804,649,FALSE,1,8SE.1,8SE
650,526038.3375,4521156.9,650,FALSE,1,8SE.1,8SE
651,526023.3125,4521533.5,651,FALSE,1,8SE.1,8SE
652,526455.9023,4521553.625,652,FALSE,1,8SE.1,8SE
653,526461.2661,4521157.804,653,FALSE,1,8SE.1,8SE
654,520825.8438,4517944.5,654,FALSE,1,CN.1,CN
655,520832.125,4517147.5,655,FALSE,1,CN.1,CN
656,520817.8125,4516763.5,656,FALSE,1,CN.1,CN
657,520810.9375,4516579,657,FALSE,1,CN.1,CN
658,520800.5,4516578,658,FALSE,1,CN.1,CN
659,520788.8438,4516577.5,659,FALSE,1,CN.1,CN
660,520766.625,4516575.5,660,FALSE,1,CN.1,CN
661,520768.4375,4516551.5,661,FALSE,1,CN.1,CN
662,520763.1729,4516551.007,662,FALSE,1,CN.1,CN
663,520770.1117,4516526.936,663,FALSE,1,CN.1,CN
664,520790.0492,4516528.436,664,FALSE,1,CN.1,CN
665,520802.1742,4516529.436,665,FALSE,1,CN.1,CN
666,520812.4867,4516530.436,666,FALSE,1,CN.1,CN
667,520836.768,4516292.436,667,FALSE,1,CN.1,CN
668,520843.2992,4516292.436,668,FALSE,1,CN.1,CN
669,520828.9867,4515530.436,669,FALSE,1,CN.1,CN
670,520258.5492,4515528.436,670,FALSE,1,CN.1,CN
671,520251.9555,4515567.436,671,FALSE,1,CN.1,CN
672,520227.018,4515564.436,672,FALSE,1,CN.1,CN
673,520192.9555,4515527.936,673,FALSE,1,CN.1,CN
674,519225.4242,4515522.936,674,FALSE,1,CN.1,CN
675,519219.7367,4517133.936,675,FALSE,1,CN.1,CN
676,519204.268,4517134.936,676,FALSE,1,CN.1,CN
677,519204.2367,4517139.436,677,FALSE,1,CN.1,CN
678,519197.018,4517913.436,678,FALSE,1,CN.1,CN
679,519197.4242,4517921.436,679,FALSE,1,CN.1,CN
680,519210.6742,4517921.936,680,FALSE,1,CN.1,CN
681,520022.5492,4517936.936,681,FALSE,1,CN.1,CN
682,520035.9242,4517937.436,682,FALSE,1,CN.1,CN
683,520481.1742,4517945.936,683,FALSE,1,CN.1,CN
684,520479.518,4517936.436,684,FALSE,1,CN.1,CN
685,520479.5625,4517936,685,FALSE,1,CN.1,CN
686,520481.2188,4517945.5,686,FALSE,1,CN.1,CN
687,520491.6875,4517945.5,687,FALSE,1,CN.1,CN
688,520820.0938,4517951.5,688,FALSE,1,CN.1,CN
689,520825.7813,4517951.5,689,FALSE,1,CN.1,CN
690,520825.8438,4517944.5,690,FALSE,1,CN.1,CN
691,520570.2813,4517314.5,691,TRUE,2,CN.2,CN
692,520570.2813,4517186.5,692,TRUE,2,CN.2,CN
693,520740.3125,4517188,693,TRUE,2,CN.2,CN
694,520740.2813,4517189.5,694,TRUE,2,CN.2,CN
695,520733.3438,4517313,695,TRUE,2,CN.2,CN
696,520570.2813,4517314.5,696,TRUE,2,CN.2,CN
697,520811.1497,4516578.996,697,FALSE,1,CN Corral.1,CN Corral
698,520812.7434,4516529.996,698,FALSE,1,CN Corral.1,CN Corral
699,520802.4309,4516528.996,699,FALSE,1,CN Corral.1,CN Corral
700,520790.3059,4516527.996,700,FALSE,1,CN Corral.1,CN Corral
701,520770.3684,4516526.496,701,FALSE,1,CN Corral.1,CN Corral
702,520763.3059,4516550.996,702,FALSE,1,CN Corral.1,CN Corral
703,520768.6497,4516551.496,703,FALSE,1,CN Corral.1,CN Corral
704,520766.8372,4516575.496,704,FALSE,1,CN Corral.1,CN Corral
705,520789.0559,4516577.496,705,FALSE,1,CN Corral.1,CN Corral
706,520800.7122,4516577.996,706,FALSE,1,CN Corral.1,CN Corral
707,520811.1497,4516578.996,707,FALSE,1,CN Corral.1,CN Corral
708,518402.3438,4517939.5,708,FALSE,1,ESA.1,ESA
709,517657.5,4517945.5,709,FALSE,1,ESA.1,ESA
710,517628.9688,4517974.5,710,FALSE,1,ESA.1,ESA
711,517623.1875,4518173.5,711,FALSE,1,ESA.1,ESA
712,518372.9062,4518178.5,712,FALSE,1,ESA.1,ESA
713,518402.3438,4517939.5,713,FALSE,1,ESA.1,ESA
714,523772.9688,4521175,714,FALSE,1,HQ.1,HQ
715,523774.8281,4521278.5,715,FALSE,1,HQ.1,HQ
716,523780.2813,4521581.5,716,FALSE,1,HQ.1,HQ
717,524010.9375,4521583.5,717,FALSE,1,HQ.1,HQ
718,524008.1406,4521179.5,718,FALSE,1,HQ.1,HQ
719,523994.6354,4521179.5,719,FALSE,1,HQ.1,HQ
720,523880.6562,4521180.5,720,FALSE,1,HQ.1,HQ
721,523772.9688,4521175,721,FALSE,1,HQ.1,HQ
722,518371.9375,4518378,722,FALSE,1,LTER1.1,LTER1
723,518369.2813,4518401.5,723,FALSE,1,LTER1.1,LTER1
724,518324.125,4518396.5,724,FALSE,1,LTER1.1,LTER1
725,518290.4687,4518596.5,725,FALSE,1,LTER1.1,LTER1
726,518576.3047,4518649.5,726,FALSE,1,LTER1.1,LTER1
727,518641.3438,4518402,727,FALSE,1,LTER1.1,LTER1
728,518371.9375,4518378,728,FALSE,1,LTER1.1,LTER1
729,518371.9375,4518378,729,FALSE,1,LTER2.1,LTER2
730,518374.5625,4518335.5,730,FALSE,1,LTER2.1,LTER2
731,518352.625,4518339.5,731,FALSE,1,LTER2.1,LTER2
732,518295.4063,4518338.5,732,FALSE,1,LTER2.1,LTER2
733,518294.5,4518382.5,733,FALSE,1,LTER2.1,LTER2
734,518324.125,4518396.5,734,FALSE,1,LTER2.1,LTER2
735,518369.2813,4518401.5,735,FALSE,1,LTER2.1,LTER2
736,518371.9375,4518378,736,FALSE,1,LTER2.1,LTER2
737,518294.5,4518382.5,737,FALSE,1,LTER3.1,LTER3
738,518295.4063,4518338.5,738,FALSE,1,LTER3.1,LTER3
739,518352.625,4518339.5,739,FALSE,1,LTER3.1,LTER3
740,518372.9062,4518178.5,740,FALSE,1,LTER3.1,LTER3
741,517623.1875,4518173.5,741,FALSE,1,LTER3.1,LTER3
742,517624.5625,4518511,742,FALSE,1,LTER3.1,LTER3
743,518130.4063,4518338.5,743,FALSE,1,LTER3.1,LTER3
744,518294.5,4518382.5,744,FALSE,1,LTER3.1,LTER3
745,517938.9063,4518731.5,745,FALSE,1,LTER4.1,LTER4
746,518233.9375,4518617,746,FALSE,1,LTER4.1,LTER4
747,518290.4687,4518596.5,747,FALSE,1,LTER4.1,LTER4
748,518324.125,4518396.5,748,FALSE,1,LTER4.1,LTER4
749,518294.5,4518382.5,749,FALSE,1,LTER4.1,LTER4
750,518130.4063,4518338.5,750,FALSE,1,LTER4.1,LTER4
751,517624.5625,4518511,751,FALSE,1,LTER4.1,LTER4
752,517626.1187,4518736.9,752,FALSE,1,LTER4.1,LTER4
753,517938.9063,4518731.5,753,FALSE,1,LTER4.1,LTER4
754,524011,4522751,754,FALSE,1,Pvt-12NE.1,Pvt-12NE
755,524013.0312,4521966.5,755,FALSE,1,Pvt-12NE.1,Pvt-12NE
756,523779.9375,4521969,756,FALSE,1,Pvt-12NE.1,Pvt-12NE
757,523217.7188,4521987,757,FALSE,1,Pvt-12NE.1,Pvt-12NE
758,523217.7813,4522737.5,758,FALSE,1,Pvt-12NE.1,Pvt-12NE
759,523205.0625,4522768.5,759,FALSE,1,Pvt-12NE.1,Pvt-12NE
760,523198.3594,4522784.75,760,FALSE,1,Pvt-12NE.1,Pvt-12NE
761,523210.5,4522788.667,761,FALSE,1,Pvt-12NE.1,Pvt-12NE
762,523266.8203,4522792.375,762,FALSE,1,Pvt-12NE.1,Pvt-12NE
763,524011,4522751,763,FALSE,1,Pvt-12NE.1,Pvt-12NE
764,522417.5313,4521165,764,FALSE,1,Pvt-14.1,Pvt-14
765,522422.1094,4520352.5,765,FALSE,1,Pvt-14.1,Pvt-14
766,522419.4746,4519543.402,766,FALSE,1,Pvt-14.1,Pvt-14
767,521671.125,4519545.5,767,FALSE,1,Pvt-14.1,Pvt-14
768,520814.5469,4519548.5,768,FALSE,1,Pvt-14.1,Pvt-14
769,520814.3333,4519579.5,769,FALSE,1,Pvt-14.1,Pvt-14
770,520802.9063,4521159,770,FALSE,1,Pvt-14.1,Pvt-14
771,520803.5469,4521169,771,FALSE,1,Pvt-14.1,Pvt-14
772,520813.4688,4521169.5,772,FALSE,1,Pvt-14.1,Pvt-14
773,522417.5313,4521165,773,FALSE,1,Pvt-14.1,Pvt-14
774,524836.8125,4517120,774,FALSE,1,Pvt-30SW.1,Pvt-30SW
775,524855.0625,4517119.5,775,FALSE,1,Pvt-30SW.1,Pvt-30SW
776,524899.1875,4516337.5,776,FALSE,1,Pvt-30SW.1,Pvt-30SW
777,524899.8125,4516327,777,FALSE,1,Pvt-30SW.1,Pvt-30SW
778,524050.0313,4516340,778,FALSE,1,Pvt-30SW.1,Pvt-30SW
779,524045.1187,4517137.7,779,FALSE,1,Pvt-30SW.1,Pvt-30SW
780,524836.8125,4517120,780,FALSE,1,Pvt-30SW.1,Pvt-30SW
781,525574.4302,4524364.651,781,FALSE,1,Pvt-6EE.1,Pvt-6EE
782,525601.5125,4522756.8,782,FALSE,1,Pvt-6EE.1,Pvt-6EE
783,525576.6807,4522759.304,783,FALSE,1,Pvt-6EE.1,Pvt-6EE
784,525216.1875,4522756,784,FALSE,1,Pvt-6EE.1,Pvt-6EE
785,525179.25,4524368,785,FALSE,1,Pvt-6EE.1,Pvt-6EE
786,525574.4302,4524364.651,786,FALSE,1,Pvt-6EE.1,Pvt-6EE
787,526455.9023,4521553.625,787,FALSE,1,Pvt-8SW.1,Pvt-8SW
788,526023.3125,4521533.5,788,FALSE,1,Pvt-8SW.1,Pvt-8SW
789,526038.3375,4521156.9,789,FALSE,1,Pvt-8SW.1,Pvt-8SW
790,525619.4183,4521157.808,790,FALSE,1,Pvt-8SW.1,Pvt-8SW
791,525614.2946,4521784.5,791,FALSE,1,Pvt-8SW.1,Pvt-8SW
792,525611.5982,4521980.571,792,FALSE,1,Pvt-8SW.1,Pvt-8SW
793,526415.4375,4522004.5,793,FALSE,1,Pvt-8SW.1,Pvt-8SW
794,526455.9023,4521553.625,794,FALSE,1,Pvt-8SW.1,Pvt-8SW
795,521242.0757,4516999.995,795,FALSE,1,Pvt-FencedGarage.1,Pvt-FencedGarage
796,521219.5192,4516911.24,796,FALSE,1,Pvt-FencedGarage.1,Pvt-FencedGarage
797,521202.8471,4516915.653,797,FALSE,1,Pvt-FencedGarage.1,Pvt-FencedGarage
798,521139.1006,4516938.209,798,FALSE,1,Pvt-FencedGarage.1,Pvt-FencedGarage
799,521105.2659,4516956.353,799,FALSE,1,Pvt-FencedGarage.1,Pvt-FencedGarage
800,521085.1612,4516992.639,800,FALSE,1,Pvt-FencedGarage.1,Pvt-FencedGarage
801,521077.3155,4517045.107,801,FALSE,1,Pvt-FencedGarage.1,Pvt-FencedGarage
802,521077.3155,4517082.375,802,FALSE,1,Pvt-FencedGarage.1,Pvt-FencedGarage
803,521084.1805,4517106.402,803,FALSE,1,Pvt-FencedGarage.1,Pvt-FencedGarage
804,521099.3816,4517138.275,804,FALSE,1,Pvt-FencedGarage.1,Pvt-FencedGarage
805,521137.1392,4517139.746,805,FALSE,1,Pvt-FencedGarage.1,Pvt-FencedGarage
806,521176.3678,4517133.862,806,FALSE,1,Pvt-FencedGarage.1,Pvt-FencedGarage
807,521209.7121,4517121.113,807,FALSE,1,Pvt-FencedGarage.1,Pvt-FencedGarage
808,521234.7203,4517091.201,808,FALSE,1,Pvt-FencedGarage.1,Pvt-FencedGarage
809,521253.3539,4517063.741,809,FALSE,1,Pvt-FencedGarage.1,Pvt-FencedGarage
810,521242.0757,4516999.995,810,FALSE,1,Pvt-FencedGarage.1,Pvt-FencedGarage
811,525643.2284,4517745.887,811,FALSE,1,Res. #2.1,Res. #2
812,525644.9614,4517679.864,812,FALSE,1,Res. #2.1,Res. #2
813,525647.0001,4517672,813,FALSE,1,Res. #2.1,Res. #2
814,525584.8803,4517692.855,814,FALSE,1,Res. #2.1,Res. #2
815,525573.1439,4517676.772,815,FALSE,1,Res. #2.1,Res. #2
816,525526.2501,4517714,816,FALSE,1,Res. #2.1,Res. #2
817,525515.3309,4517761.535,817,FALSE,1,Res. #2.1,Res. #2
818,525529.4309,4517772.33,818,FALSE,1,Res. #2.1,Res. #2
819,525556.4561,4517794.816,819,FALSE,1,Res. #2.1,Res. #2
820,525619.2203,4517788.051,820,FALSE,1,Res. #2.1,Res. #2
821,525632.2609,4517761.535,821,FALSE,1,Res. #2.1,Res. #2
822,525643.2284,4517745.887,822,FALSE,1,Res. #2.1,Res. #2
823,522419.0313,4523332.5,823,FALSE,1,Slayton.1,Slayton
824,522424.25,4522818.5,824,FALSE,1,Slayton.1,Slayton
825,522424.375,4522806.375,825,FALSE,1,Slayton.1,Slayton
826,522802.0625,4522019,826,FALSE,1,Slayton.1,Slayton
827,522808.9688,4522004.5,827,FALSE,1,Slayton.1,Slayton
828,523205.8527,4521175.75,828,FALSE,1,Slayton.1,Slayton
829,522417.5313,4521165,829,FALSE,1,Slayton.1,Slayton
830,522416.1747,4521317.987,830,FALSE,1,Slayton.1,Slayton
831,522416.9339,4521365.007,831,FALSE,1,Slayton.1,Slayton
832,522417.2422,4521453.77,832,FALSE,1,Slayton.1,Slayton
833,522416.2337,4521527.759,833,FALSE,1,Slayton.1,Slayton
834,522011.9545,4521775.508,834,FALSE,1,Slayton.1,Slayton
835,521866.7959,4521949.811,835,FALSE,1,Slayton.1,Slayton
836,521363.0534,4522380.02,836,FALSE,1,Slayton.1,Slayton
837,521353.5938,4522806,837,FALSE,1,Slayton.1,Slayton
838,521196.3444,4522806.554,838,FALSE,1,Slayton.1,Slayton
839,521189.9688,4523575.5,839,FALSE,1,Slayton.1,Slayton
840,521287.875,4523459.5,840,FALSE,1,Slayton.1,Slayton
841,521302.9063,4523404,841,FALSE,1,Slayton.1,Slayton
842,522419.0313,4523332.5,842,FALSE,1,Slayton.1,Slayton
843,518350.875,4518723.5,843,FALSE,1,Spring.1,Spring
844,518408.4375,4518663.5,844,FALSE,1,Spring.1,Spring
845,518382.3125,4518639,845,FALSE,1,Spring.1,Spring
846,518274.6875,4518752.5,846,FALSE,1,Spring.1,Spring
847,518300.625,4518775.5,847,FALSE,1,Spring.1,Spring
848,518350.875,4518723.5,848,FALSE,1,Spring.1,Spring
849,520740.2969,4517188.75,849,FALSE,1,WeatherStation.1,WeatherStation
850,520570.2813,4517186.5,850,FALSE,1,WeatherStation.1,WeatherStation
851,520570.2813,4517314.5,851,FALSE,1,WeatherStation.1,WeatherStation
852,520733.3437,4517313,852,FALSE,1,WeatherStation.1,WeatherStation
853,520740.2969,4517188.75,853,FALSE,1,WeatherStation.1,WeatherStation
